matchId,videoTimestamp,postShotXg,xg,videoPath
5228091,4241.356215,0.2307,0.0555,
5228091,5649.835116,0.9232,0.5805,
5228092,1395.046373,0.5679,0.09266,
5228092,2502.209327,0.81,0.76,
5228093,1811.257653,0.4181,0.3319,
5228093,5413.706074,0.81,0.76,
5228094,2364.098073,0.7898,0.2227,
5228095,370.51124,0.3985,0.1135,
5228095,3064.709104,0.7485,0.2502,
5228095,5156.042589,0.2439,0.09993,
5228096,1058.474649,0.1821,0.08345,
5228096,3456.052634,0.3343,0.04577,
5228096,4460.812626,0.7988,0.7481,
5228096,4542.286794,0.5819,0.1282,
5228097,3659.951335,0.81,0.76,
5228097,3882.904164,0.7955,0.6628,
5228097,4905.113497,0.5283,0.2915,
5228097,6460.362666,0.6623,0.1947,
5228098,1150.181768,0.9331,0.6344,
5228098,2822.995874,0.8165,0.6433,
5228098,3919.783956,0.9205,0.6508,
5228098,4598.209219,0.2525,0.0234,
5228099,66.489909,0.7411,0.4879,
5228099,703.878207,0.5724,0.428,
5228099,4045.938608,0.1991,0.06885,
5228100,1151.337226,0.09431,0.1234,
5228100,1774.070844,0.4707,0.09664,
5228100,1898.524262,0.7862,0.7037,
5228100,2994.053316,0.7778,0.3598,
5228100,3614.145405,0.6906,0.1133,
5228100,3773.644383,0.307,0.09727,
5228100,4788.921152,0.4656,0.1215,
5228102,836.796416,0.6149,0.5285,
5228103,1800.245447,0.7859,0.4419,
5228103,4675.742568,0.3759,0.2607,
5228104,2300.443258,0.8786,0.8932,
5228104,2734.232983,0.8476,0.7525,
5228105,5078.530521,0.0249,0.03349,
5228106,3593.076769,0.81,0.76,
5228106,4513.462345,0.2878,0.2403,
5228106,5420.568505,0.9275,0.7434,
5228107,1139.441797,0.6965,0.1421,
5228107,2938.530932,0.6765,0.1405,
5228107,4469.516121,0.761,0.1689,
5228107,4720.445888,0.09292,0.1515,
5228108,5379.137618,0.4093,0.04822,
5228109,2099.963153,0.7456,0.1667,
5228109,5732.468339,0.5758,0.1043,
5228110,809.008668,0.6226,0.2015,
5228110,3292.066834,0.03314,0.1008,
5228110,3521.282466,0.5232,0.3181,
5228111,1948.230306,0.673,0.2196,
5228111,2982.2561,0.04295,0.05363,
5228111,5127.605181,0.4457,0.1002,
5228111,5449.674561,0.8683,0.7605,
5228112,2984.623708,0.2919,0.08917,
5228112,4239.257351,0.3819,0.1542,
5228112,5174.708505,0.1675,0.2471,
5228113,1032.232209,0.3241,0.2219,
5228113,3173.689452,0.7139,0.2238,
5228113,5578.926575,0.6354,0.4662,
5228114,328.126409,0.5601,0.4469,
5228114,2197.790581,0.6072,0.6296,
5228114,3573.031935,0.4472,0.2528,
5228114,3807.622894,0.4892,0.455,
5228114,3968.991731,0.4062,0.2667,
5228114,4353.326288,0.1929,0.06729,
5228114,4904.20975,0.766,0.286,
5228115,479.094149,0.3981,0.1043,
5228115,4022.9131,0.306,0.3594,
5228116,4472.581128,0.8778,0.4712,
5228116,5208.046067,0.6484,0.1398,
5228116,5771.609615,0.5761,0.112,
5228117,4460.165264,0.522,0.1013,
5228118,2255.038746,0.5439,0.1963,
5228118,3495.484635,0.793,0.2352,
5228119,509.74435,0.2743,0.04418,
5228119,3184.050104,0.3568,0.05062,
5228120,2905.24643,0.5284,0.1512,
5228120,3045.398542,0.06135,0.09754,
5228120,3185.775335,0.8455,0.5841,
5228120,4602.044646,0.5015,0.08833,
5228120,5201.499486,0.4465,0.4819,
5228121,1240.94923,0.2487,0.1622,
5228121,3984.351981,0.3244,0.3153,
5228121,4538.010869,0.1377,0.1083,
5228122,172.769818,0.3149,0.07062,
5228122,3644.022395,0.6487,0.2702,
5228122,4751.692636,0.3776,0.1083,
5228122,5611.084504,0.1361,0.1605,
5228123,4009.915197,0.04229,0.04627,
5228124,1649.453407,0.559,0.08583,
5228124,5712.712633,0.6439,0.2682,
5228125,49.197895,0.2132,0.1883,
5228125,754.702022,0.8355,0.6512,
5228125,1718.934815,0.02781,0.0216,
5228126,3374.522422,0.8775,0.7353,
5228126,4813.036618,0.2688,0.05759,
5228126,5049.211774,0.7063,0.1115,
5228126,5432.440053,0.1086,0.1132,
5228127,737.18052,0.7706,0.23,
5228127,1599.558971,0.2971,0.06762,
5228127,2163.862929,0.2448,0.07407,
5228127,2444.49172,0.8731,0.8084,
5228127,4169.035767,0.4819,0.3914,
5228127,4821.956929,0.81,0.76,
5228128,4733.584488,0.8392,0.5483,
5228129,247.267608,0.5554,0.1644,
5228129,3605.572703,0.7618,0.1656,
5228129,5112.171384,0.3239,0.14,
5228130,1893.289908,0.4159,0.05256,
5228130,2322.642167,0.6162,0.196,
5228130,3449.088987,0.8691,0.8528,
5228130,4896.701566,0.6021,0.1238,
5228130,5103.308081,0.2204,0.1979,
5228131,45.718283,0.5496,0.1371,
5228131,5890.392257,0.6757,0.3107,
5228132,2291.338153,0.3794,0.1336,
5228132,3594.161152,0.81,0.76,
5228133,1113.343233,0.4014,0.1563,
5228133,2169.193377,0.761,0.2536,
5228133,3137.969318,0.2624,0.2482,
5228133,4724.813312,0.2868,0.2139,
5228134,238.896054,0.612,0.1286,
5228134,1775.750437,0.5143,0.2925,
5228134,2168.77655,0.1395,0.01684,
5228134,3500.025504,0.3064,0.06246,
5228134,4778.667632,0.6144,0.2508,
5228135,19.320835,0.7262,0.3357,
5228135,761.134376,0.7106,0.07899,
5228135,3507.724725,0.7427,0.2644,
5228135,4798.707908,0.6579,0.3329,
5228136,804.600412,0.104,0.1276,
5228136,1159.554988,0.1783,0.1077,
5228136,3669.243293,0.5171,0.02632,
5228136,4753.981195,0.6246,0.2172,
5228137,2167.79718,0.1628,0.07048,
5228137,3279.123552,0.8544,0.4309,
5228137,3728.682217,0.6518,0.1494,
5228137,3768.746182,0.5203,0.1222,
5228137,4891.210548,0.75,0.4321,
5228137,5596.471273,0.5014,0.04846,
5228138,404.536334,0.797,0.4483,
5228139,2958.226644,0.725,0.377,
5228139,3121.364877,0.8315,0.6922,
5228140,1337.848582,0.3754,0.1464,
5228140,2323.289102,0.7822,0.7208,
5228140,3158.943869,0.5399,0.2567,
5228140,4320.481578,0.6954,0.5722,
5228141,490.673105,0.2464,0.2091,
5228141,869.635248,0.81,0.76,
5228141,2242.081068,0.5225,0.1766,
5228141,3901.313863,0.6499,0.1704,
5228141,4142.797569,0.1219,0.1281,
5228141,4193.433407,0.7327,0.5871,
5228142,2806.647794,0.81,0.76,
5228142,3441.905943,0.8462,0.4148,
5228142,4713.037788,0.5222,0.3081,
5228143,5191.219471,0.5927,0.3515,
5228144,292.581968,0.5629,0.08933,
5228144,5107.831594,0.6577,0.5048,
5228145,1386.311518,0.8042,0.4436,
5228145,3696.271206,0.07034,0.07281,
5228145,5164.927743,0.9494,0.3227,
5228146,1327.787697,0.7439,0.3529,
5228146,2163.984238,0.5367,0.07399,
5228146,3013.129702,0.7856,0.4655,
5228146,3453.814149,0.8106,0.6375,
5228146,3715.172944,0.8527,0.7125,
5228146,4502.772513,0.2083,0.06575,
5228146,5177.754179,0.8395,0.225,
5228146,5292.958946,0.7496,0.1572,
5228146,5496.890683,0.3269,0.06926,
5228147,4421.883443,0.81,0.76,
5228147,5703.053906,0.3798,0.215,
5228148,278.778183,0.1409,0.02642,
5228148,669.438964,0.4669,0.2489,
5228148,2049.906828,0.05778,0.02964,
5228148,3705.196885,0.6371,0.3094,
5228149,3042.425822,0.8153,0.1238,
5228149,3767.877289,0.543,0.0832,
5228149,4750.77654,0.1707,0.02097,
5228150,1236.178122,0.81,0.76,
5228151,2061.618058,0.755,0.2751,
5228151,3013.323554,0.2495,0.1738,
5228151,3951.936793,0.4654,0.1455,
5228151,4340.981848,0.81,0.76,
5228151,5385.242236,0.6974,0.09841,
5228151,5622.061889,0.7084,0.6798,
5228152,2502.931076,0.3843,0.05163,
5228153,3570.055893,0.917,0.8329,
5228154,725.333242,0.1335,0.1844,
5228155,3484.541884,0.7011,0.1341,
5228155,4626.365735,0.2709,0.01337,
5228155,5405.860155,0.5731,0.2113,
5228156,553.572612,0.81,0.76,
5228157,1108.09609,0.7088,0.2485,
5228157,2088.363359,0.4068,0.1294,
5228157,4840.437803,0.4714,0.1263,
5228158,3272.884675,0.4266,0.2625,
5228158,4758.57731,0.7415,0.5172,
5228158,5217.431743,0.3328,0.03657,
5228159,468.654971,0.1298,0.02701,
5228159,2604.074525,0.2537,0.1425,
5228160,2868.47356,0.6895,0.2334,
5228160,4607.111366,0.1218,0.03166,
5228160,5208.578618,0.8012,0.191,
5228161,5725.246606,0.5507,0.3976,
5228162,262.396011,0.81,0.76,
5228162,369.728985,0.8644,0.6637,
5228162,4257.488868,0.4175,0.0852,
5228162,5112.3928,0.4686,0.3661,
5228163,2481.787355,0.5022,0.06955,
5228163,4772.314203,0.3035,0.1177,
5228164,2657.869316,0.3229,0.08393,
5228164,3261.886359,0.148,0.09488,
5228164,5397.401443,0.6803,0.1455,
5228165,2493.756557,0.7627,0.479,
5228165,2595.301258,0.7335,0.2119,
5228165,3238.475859,0.81,0.76,
5228166,2281.946243,0.81,0.76,
5228166,3936.761291,0.1669,0.02427,
5228166,4517.16218,0.5473,0.3818,
5228167,2556.185628,0.2711,0.1429,
5228167,4379.252209,0.6183,0.1107,
5228167,4893.908097,0.5916,0.07205,
5228168,3416.345301,0.08498,0.1724,
5228168,4243.619105,0.86,0.3474,
5228168,5024.936854,0.8534,0.1102,
5228168,5302.149268,0.81,0.76,
5228169,525.916815,0.1281,0.06004,
5228169,3806.40171,0.3324,0.09453,
5228169,5382.394268,0.2576,0.05506,
5228170,1198.997895,0.1469,0.1879,
5228170,4933.586566,0.5189,0.08763,
5228171,424.200453,0.02921,0.003726,
5228171,1749.213967,0.8982,0.8225,
5228171,4102.299331,0.276,0.236,
5228171,5187.834324,0.4896,0.04911,
5228172,920.504704,0.6172,0.3171,
5228172,4575.237881,0.1159,0.02668,
5228173,4748.485903,0.7525,0.4864,
5228175,2654.470661,0.81,0.76,
5228175,3950.091336,0.5096,0.4035,
5228175,4474.62217,0.2266,0.163,
5228175,5793.750808,0.5344,0.1291,
5228176,468.69287,0.81,0.76,
5228176,2168.994651,0.4613,0.1125,
5228176,2957.160338,0.7963,0.3938,
5228176,4004.743884,0.1764,0.1478,
5228176,4336.283456,0.1603,0.1031,
5228176,4937.559018,0.831,0.5832,
5228177,3664.625335,0.2932,0.0771,
5228177,4829.819448,0.6357,0.3204,
5228177,5114.512669,0.7948,0.3033,
5228178,191.560207,0.7206,0.2064,
5228178,588.08179,0.81,0.76,
5228178,1079.188568,0.5065,0.0708,
5228178,5127.351293,0.8935,0.8118,
5228179,3192.297374,0.8239,0.2824,
5228179,3449.700461,0.6402,0.1542,
5228180,631.246247,0.1275,0.1774,
5228180,951.607563,0.81,0.76,
5228180,4242.15258,0.2396,0.3239,
5228180,5155.899069,0.7722,0.4485,
5228180,5583.955466,0.3389,0.03545,
5228181,1912.62125,0.07972,0.04159,
5228181,2722.719192,0.4183,0.4197,
5228182,2302.26076,0.8551,0.8533,
5228182,3026.29791,0.6002,0.2255,
5228182,5746.757482,0.3184,0.04256,
5228182,5960.968133,0.6301,0.5285,
5228183,2516.894918,0.8892,0.5527,
5228183,4372.082965,0.8294,0.4906,
5228184,1837.537649,0.1898,0.07682,
5228184,2073.513712,0.07183,0.1076,
5228184,3450.982968,0.646,0.1796,
5228184,4094.10945,0.6483,0.3228,
5228184,4718.217108,0.8734,0.54,
5228184,5503.967493,0.839,0.3054,
5228185,1135.687386,0.4634,0.08512,
5228185,3725.043811,0.4826,0.147,
5228185,4168.124923,0.1449,0.1633,
5228186,2939.792217,0.81,0.76,
5228186,3437.134658,0.4843,0.05398,
5228186,4763.422152,0.81,0.76,
5228186,5718.412704,0.3995,0.05155,
5228187,1754.324423,0.5698,0.3728,
5228188,3408.275311,0.7589,0.3502,
5228188,5330.852432,0.09741,0.02694,
5228189,4035.60419,0.4864,0.2287,
5228189,4565.085614,0.7273,0.127,
5228189,5471.971054,0.2653,0.2753,
5228190,2781.874948,0.81,0.76,
5228190,3519.434065,0.452,0.06685,
5228190,4316.721275,0.3993,0.1158,
5228190,4804.4495,0.6591,0.3026,
5228190,5020.914688,0.5091,0.08653,
5228191,2575.318212,0.8316,0.5587,
5228191,3576.562673,0.81,0.76,
5228191,4744.338841,0.18,0.2021,
5228192,2072.368973,0.5939,0.1538,
5228192,2780.418843,0.8066,0.5163,
5228193,3679.728792,0.8232,0.5511,
5228193,3862.793941,0.1193,0.02708,
5228193,4125.802141,0.3414,0.07468,
5228193,4798.83135,0.81,0.76,
5228193,5037.45283,0.8019,0.2016,
5228194,2575.050287,0.618,0.4466,
5228195,493.282192,0.4366,0.2039,
5228195,1369.097362,0.8066,0.4787,
5228195,3179.422509,0.1865,0.226,
5228196,191.364795,0.6416,0.05098,
5228196,964.047981,0.9174,0.9179,
5228197,260.313269,0.2136,0.1403,
5228197,394.171229,0.8662,0.5677,
5228197,560.817715,0.1786,0.147,
5228197,932.845484,0.8947,0.1237,
5228198,404.148894,0.81,0.76,
5228198,1720.909448,0.2064,0.05116,
5228198,4611.223848,0.1668,0.02485,
5228198,4758.896073,0.9323,0.856,
5228198,4862.516493,0.6056,0.1363,
5228199,338.315383,0.292,0.0766,
5228199,889.423295,0.1501,0.03639,
5228199,2399.916034,0.2224,0.1742,
5228199,5710.199549,0.5306,0.3005,
5228200,3304.9343,0.6869,0.5413,
5228200,5096.26906,0.6052,0.12,
5228201,392.596685,0.7178,0.3757,
5228201,2681.903327,0.81,0.76,
5228202,3533.1354,0.81,0.76,
5228203,767.474037,0.6418,0.2468,
5228203,2696.862994,0.4569,0.1318,
5228203,2876.108487,0.5404,0.06827,
5228203,3169.336037,0.589,0.5842,
5228203,3272.44358,0.584,0.5958,
5228203,3836.040181,0.7484,0.09449,
5228203,4997.934254,0.7061,0.3523,
5228203,5218.417323,0.3482,0.132,
5228204,59.130171,0.1752,0.03369,
5228204,1398.142271,0.489,0.1196,
5228204,3068.69113,0.5419,0.1786,
5228205,1417.063105,0.6845,0.4611,
5228205,4680.837354,0.6805,0.2365,
5228205,4890.612102,0.5017,0.2478,
5228206,4768.766644,0.9091,0.8126,
5228206,5141.038155,0.293,0.08906,
5228206,5309.444537,0.6554,0.3309,
5228207,1525.866332,0.06384,0.1134,
5228207,2212.95991,0.5567,0.4487,
5228207,3030.449155,0.8378,0.5151,
5228207,3349.378187,0.5865,0.148,
5228207,4852.752293,0.8803,0.4554,
5228207,5331.042438,0.5438,0.1078,
5228208,902.79338,0.8728,0.5225,
5228208,2095.026488,0.6716,0.1281,
5228208,2314.818267,0.03663,0.02854,
5228208,3170.40983,0.81,0.76,
5228209,2266.66827,0.8832,0.8026,
5228209,5507.614694,0.5041,0.2451,
5228210,3880.647305,0.8615,0.5259,
5228210,4994.875931,0.8689,0.8279,
5228211,4062.422602,0.09833,0.07796,
5228212,3462.942674,0.81,0.76,
5228212,5399.421778,0.682,0.3396,
5228214,1710.32352,0.3496,0.332,
5228214,1995.187509,0.3029,0.08637,
5228214,2319.366329,0.8353,0.7563,
5228216,2068.737372,0.81,0.76,
5228216,2341.500235,0.8108,0.3691,
5228217,2162.36645,0.8083,0.3936,
5228219,1149.631725,0.4095,0.1783,
5228219,4294.223986,0.315,0.3117,
5228219,4457.116091,0.7203,0.3153,
5228219,5246.202725,0.3922,0.3491,
5228220,149.621494,0.389,0.0603,
5228220,438.802058,0.8359,0.6234,
5228220,5402.271134,0.9765,0.5788,
5228221,3374.362683,0.8537,0.4922,
5228221,4554.038249,0.7721,0.493,
5228221,4986.906213,0.6867,0.2464,
5228222,3093.659134,0.8611,0.7133,
5228222,3926.430314,0.6934,0.3255,
5228222,4721.35401,0.02556,0.01834,
5228223,1823.863888,0.05914,0.1222,
5228223,2213.344718,0.2887,0.2337,
5228223,5003.187748,0.5613,0.1393,
5228224,241.697201,0.5906,0.1381,
5228224,5589.663485,0.305,0.2099,
5228225,312.437635,0.7428,0.3061,
5228225,966.259666,0.6058,0.5642,
5228225,1355.525468,0.706,0.2751,
5228225,1823.276675,0.1465,0.2178,
5228225,2841.997434,0.3777,0.253,
5228225,3844.683727,0.9222,0.6779,
5228225,4409.706297,0.4214,0.3004,
5228225,5022.790437,0.4188,0.05013,
5228226,2083.117826,0.793,0.4998,
5228226,3037.644378,0.6371,0.111,
5228226,4438.795814,0.2046,0.02217,
5228226,4815.319771,0.6543,0.2305,
5228226,5061.153009,0.1969,0.13,
5228227,1319.442404,0.313,0.1434,
5228227,4020.493697,0.6408,0.1734,
5228227,4105.417999,0.805,0.5462,
5228228,2934.084595,0.7712,0.6703,
5228228,3816.256768,0.1522,0.1068,
5228228,4879.519217,0.2023,0.05075,
5228229,276.540035,0.5852,0.189,
5228229,3452.517272,0.784,0.2842,
5228230,2003.178775,0.2363,0.1916,
5228230,2557.334568,0.3516,0.04644,
5228230,3859.548205,0.81,0.76,
5228230,4704.792066,0.3192,0.4115,
5228231,746.702146,0.3333,0.3454,
5228231,2389.428717,0.3835,0.1547,
5228231,3109.282741,0.571,0.3304,
5228231,4069.891536,0.4892,0.13,
5228232,154.575959,0.8148,0.4274,
5228232,690.535346,0.05664,0.05107,
5228233,2694.143402,0.3549,0.05404,
5228233,4118.758469,0.02004,0.1331,
5228233,4662.397076,0.101,0.03206,
5228233,5236.901853,0.81,0.76,
5228234,824.476019,0.8688,0.642,
5228234,987.174215,0.05979,0.06098,
5228234,1188.953325,0.1113,0.195,
5228234,2926.510132,0.4259,0.2202,
5228235,1012.833792,0.81,0.76,
5228235,1762.31404,0.8032,0.4403,
5228235,2524.602431,0.6593,0.4499,
5228235,2619.590182,0.08567,0.1277,
5228235,2744.700822,0.6987,0.2988,
5228236,1461.597689,0.8118,0.73,
5228236,1578.056821,0.9232,0.728,
5228236,3956.725409,0.5028,0.2719,
5228236,4686.510189,0.7925,0.1495,
5228236,5168.233785,0.7213,0.2037,
5228237,1303.482212,0.7066,0.6361,
5228237,2235.761704,0.8578,0.7153,
5228237,3703.906446,0.1266,0.1217,
5228238,605.946014,0.4253,0.06341,
5228239,1681.41944,0.5355,0.14,
5228239,4662.333412,0.893,0.8102,
5228240,2537.809579,0.6698,0.2263,
5228240,3260.645645,0.5661,0.2823,
5228241,1866.190985,0.7887,0.2416,
5228241,3944.04352,0.08753,0.03094,
5228241,4514.630156,0.3797,0.06594,
5228242,3576.784472,0.68,0.08345,
5228243,784.032157,0.5318,0.09501,
5228243,4670.981516,0.4528,0.07931,
5228243,5118.662028,0.3898,0.122,
5228244,731.409375,0.5077,0.1113,
5228244,3291.266762,0.6317,0.2757,
5228244,4492.615649,0.5017,0.2181,
5228245,1722.440907,0.1587,0.03075,
5228246,3559.325303,0.05731,0.04563,
5228246,4096.257488,0.5039,0.1939,
5228246,4804.753427,0.4891,0.4088,
5228246,5376.408593,0.3124,0.143,
5228246,5526.514438,0.5693,0.1727,
5228247,4148.296601,0.117,0.02601,
5228247,4710.098698,0.4434,0.07007,
5228247,5699.864172,0.8587,0.1986,
5228248,950.228705,0.6898,0.2657,
5228248,1079.978943,0.7724,0.2618,
5228248,2594.147884,0.6882,0.1249,
5228248,4421.676426,0.729,0.1776,
5228248,5161.237367,0.81,0.76,
5228249,2062.078059,0.7721,0.5896,
5228249,3318.810359,0.1353,0.05002,
5228250,3079.873095,0.1167,0.1286,
5228250,3552.79654,0.81,0.76,
5228250,4597.546116,0.06725,0.06677,
5228251,4928.53971,0.5066,0.1627,
5228252,2072.061475,0.4726,0.3574,
5228253,3636.291309,0.8936,0.6156,
5228253,5790.574843,0.8809,0.5043,
5228254,1993.48057,0.5588,0.04662,
5228255,1588.892949,0.05187,0.0558,
5228255,2065.537174,0.6031,0.1738,
5228255,2394.235796,0.6419,0.177,
5228255,2747.088659,0.2292,0.01762,
5228255,4166.095961,0.2238,0.03742,
5228255,5015.337618,0.1989,0.2754,
5228256,1617.112211,0.2217,0.1763,
5228256,2384.161708,0.3005,0.1458,
5228256,2638.331151,0.3931,0.03361,
5228256,2911.777474,0.4235,0.03059,
5228256,4681.9659,0.7878,0.532,
5228256,5731.981803,0.8456,0.4962,
5228257,1539.547501,0.441,0.09559,
5228257,4307.850483,0.3831,0.04444,
5228257,4576.029371,0.7612,0.3928,
5228257,4816.351341,0.4288,0.04385,
5228257,5381.992175,0.1684,0.09356,
5228258,1185.166296,0.6568,0.04666,
5228258,2694.348181,0.4117,0.1241,
5228259,1117.116881,0.8359,0.3131,
5228259,2332.108048,0.3881,0.08398,
5228260,1946.74835,0.1363,0.1632,
5228260,2156.986225,0.3569,0.09705,
5228260,3042.64049,0.7338,0.2227,
5228260,3279.758261,0.05649,0.06608,
5228260,3655.981351,0.81,0.76,
5228260,4121.703626,0.7903,0.6073,
5228260,4215.49689,0.388,0.03666,
5228261,2673.355498,0.4747,0.05737,
5228261,3950.268337,0.2938,0.1288,
5228262,513.270812,0.3651,0.3155,
5228262,4569.314545,0.4084,0.1093,
5228262,5033.685446,0.7036,0.2862,
5228262,5329.503657,0.5034,0.1393,
5228263,1880.821256,0.8029,0.3554,
5228263,4878.56107,0.6485,0.1941,
5228264,1576.916287,0.4678,0.2356,
5228264,3865.051576,0.5253,0.2486,
5228264,5158.918804,0.2892,0.04391,
5228265,865.667975,0.6373,0.4476,
5228265,2225.649684,0.0523,0.1398,
5228265,5706.205139,0.4266,0.096,
5228266,3258.270273,0.5166,0.1504,
5228266,3585.049445,0.81,0.76,
5228267,478.613608,0.3584,0.06655,
5228267,1426.583981,0.7472,0.3193,
5228267,3632.297799,0.3999,0.1631,
5228267,4762.645203,0.7529,0.6515,
5228268,2218.242732,0.6303,0.1872,
5228268,3421.070146,0.2662,0.2468,
5228268,4641.506463,0.4008,0.02467,
5228268,5696.095007,0.4069,0.1295,
5228268,5841.223593,0.4284,0.06917,
5228269,2420.427353,0.4368,0.4113,
5228269,2511.46025,0.3881,0.4495,
5228270,431.282643,0.78,0.2452,
5228270,1306.65234,0.5538,0.3355,
5228270,2515.754996,0.7071,0.126,
5228270,3071.20477,0.3758,0.06936,
5228271,3320.967661,0.8749,0.2176,
5228272,1074.921865,0.1244,0.09101,
5228272,5625.848658,0.6117,0.176,
5228273,3163.887086,0.506,0.328,
5228273,5360.202648,0.8016,0.73,
5228275,3465.35155,0.1276,0.08144,
5228275,3855.734757,0.4856,0.1734,
5228276,1443.83525,0.3756,0.2149,
5228276,4852.891087,0.8082,0.1942,
5228277,441.611703,0.7167,0.3672,
5228277,1087.323982,0.8675,0.5971,
5228277,2054.936201,0.9214,0.8384,
5228277,2788.535526,0.597,0.2083,
5228277,3778.510945,0.6652,0.2102,
5228277,4032.06874,0.3187,0.06899,
5228277,4276.827075,0.02059,0.03626,
5228278,969.52094,0.3852,0.06961,
5228278,3284.299088,0.3618,0.07277,
5228278,4502.092172,0.6814,0.2486,
5228279,322.083162,0.7269,0.5077,
5228279,688.64057,0.6513,0.05983,
5228279,2042.718369,0.1096,0.07694,
5228279,4872.363161,0.3884,0.07403,
5228280,1710.937057,0.8214,0.5238,
5228280,3806.450578,0.2818,0.08295,
5228281,1876.501922,0.2672,0.2249,
5228281,5186.373232,0.1736,0.05698,
5228282,1159.517845,0.05033,0.06712,
5228282,1886.319826,0.7997,0.2786,
5228282,4695.896354,0.81,0.76,
5228282,5249.066511,0.6118,0.1636,
5228282,5492.051288,0.7886,0.3309,
5228283,439.065774,0.5525,0.139,
5228283,2601.8636,0.7605,0.3112,
5228283,3253.90469,0.3932,0.1247,
5228283,5584.747395,0.1719,0.2065,
5228284,660.949623,0.4601,0.2783,
5228284,820.149612,0.9298,0.713,
5228284,4580.401974,0.7003,0.4052,
5228286,298.737392,0.2505,0.07689,
5228286,1533.292919,0.04243,0.05972,
5228286,3688.501769,0.81,0.76,
5228286,4946.087698,0.81,0.76,
5228288,4665.304383,0.5929,0.06781,
5228288,4946.465891,0.81,0.76,
5228289,561.042629,0.7591,0.2699,
5228289,2350.364175,0.5154,0.1071,
5228289,2991.741021,0.6873,0.2255,
5228289,3615.013246,0.815,0.642,
5228290,1325.061753,0.733,0.125,
5228290,3280.572145,0.03165,0.05507,
5228291,308.470545,0.81,0.76,
5228291,2413.581259,0.7094,0.1866,
5228291,5490.347479,0.885,0.6561,
5228291,5810.804228,0.8231,0.4147,
5228292,1586.420101,0.2363,0.04162,
5228292,4656.404863,0.81,0.76,
5228292,6017.381882,0.81,0.76,
5228293,1373.947375,0.6308,0.1523,
5228294,2347.44829,0.2756,0.2477,
5228294,2624.12641,0.878,0.2771,
5228294,4777.412127,0.81,0.76,
5228294,5762.815798,0.6572,0.4267,
5228295,484.702846,0.1131,0.03266,
5228295,1427.47282,0.3085,0.04839,
5228295,2232.079737,0.642,0.2096,
5228295,5492.139351,0.6691,0.4669,
5228297,3129.330297,0.7867,0.3442,
5228297,3853.673774,0.6799,0.1608,
5228297,4445.960526,0.3053,0.1395,
5228299,4393.988879,0.3449,0.03578,
5228299,5511.457988,0.5817,0.2226,
5228300,247.243932,0.6909,0.09177,
5228300,2920.93436,0.1263,0.1182,
5228300,4099.14051,0.6808,0.3628,
5228300,4935.320207,0.5426,0.4434,
5228300,5322.760546,0.9197,0.5492,
5228301,438.6928,0.3016,0.3547,
5228301,4462.074091,0.6839,0.1541,
5228302,1890.450903,0.3503,0.08939,
5228302,3306.124574,0.9085,0.5964,
5228303,2356.235988,0.81,0.76,
5228303,2908.663277,0.3915,0.09583,
5228303,3385.297532,0.5965,0.5308,
5228304,1728.672305,0.9294,0.6056,
5228304,2388.167037,0.6861,0.3726,
5228305,804.041842,0.7428,0.3402,
5228305,1235.856845,0.2993,0.1504,
5228306,2674.292887,0.9555,0.8446,
5228306,5433.107484,0.3651,0.3947,
5228307,2606.114089,0.6245,0.2076,
5228307,3004.347492,0.6981,0.2176,
5228307,5475.478461,0.4166,0.1647,
5228308,936.302395,0.1835,0.06958,
5228309,52.938136,0.7599,0.246,
5228309,1109.554778,0.3152,0.3322,
5228309,5699.811615,0.81,0.76,
5228310,3451.270698,0.683,0.368,
5228312,5022.296567,0.343,0.05059,
5228313,636.921051,0.3031,0.07713,
5228314,412.206542,0.1064,0.132,
5228315,456.921178,0.4435,0.3871,
5228315,1749.702209,0.3728,0.1332,
5228315,2497.950159,0.81,0.76,
5228315,2703.354192,0.2732,0.2236,
5228315,4524.387065,0.1801,0.1296,
5228315,5681.598732,0.81,0.76,
5228316,2120.433935,0.2882,0.2456,
5228316,4073.411325,0.8153,0.4886,
5228316,4631.950875,0.3984,0.2788,
5228317,183.098281,0.03554,0.07284,
5228317,377.755169,0.5288,0.1545,
5228317,734.909711,0.769,0.5196,
5228317,1388.444133,0.6934,0.3047,
5228317,5257.544876,0.7844,0.4605,
5228318,2598.886017,0.6172,0.1949,
5228318,3584.813722,0.6031,0.563,
5228319,2911.496386,0.1646,0.04468,
5228320,3056.843112,0.8515,0.6166,
5228320,4635.247827,0.2297,0.3721,
5228321,619.610383,0.6851,0.1094,
5228321,2303.007425,0.81,0.76,
5228321,3735.836765,0.799,0.5294,
5228321,5247.046551,0.8684,0.5851,
5228322,656.133752,0.3427,0.1117,
5228322,1069.755877,0.5491,0.3796,
5228322,1731.741524,0.2948,0.03731,
5228322,5632.942476,0.1535,0.05244,
5228323,1033.061365,0.5794,0.1691,
5228323,5273.018639,0.5306,0.1969,
5228324,1995.649763,0.7224,0.1108,
5228324,2968.873268,0.803,0.7008,
5228324,3447.789492,0.1834,0.1196,
5228324,5159.615728,0.642,0.2224,
5228325,2137.798724,0.095,0.183,
5228325,3493.415081,0.7611,0.2779,
5228326,2621.485754,0.4017,0.2231,
5228326,3270.964403,0.5493,0.4304,
5228327,1905.270115,0.7737,0.4945,
5228327,2394.634409,0.8431,0.7204,
5228327,2571.246597,0.6969,0.1955,
5228327,3807.399997,0.2604,0.1989,
5228327,4078.586626,0.4791,0.3676,
5228329,3217.333946,0.81,0.76,
5228330,1076.657966,0.6334,0.1691,
5228330,1936.276904,0.8311,0.3652,
5228330,4631.225563,0.5267,0.06352,
5228331,2494.275752,0.5244,0.1199,
5228331,3191.193717,0.3765,0.07977,
5228331,3809.726225,0.5367,0.01246,
5228332,545.229436,0.19,0.04255,
5228332,1764.148027,0.7041,0.127,
5228332,2486.721036,0.2252,0.06466,
5228333,885.836146,0.796,0.1587,
5228334,2136.794653,0.8408,0.6277,
5228334,2437.023035,0.7837,0.3163,
5228335,902.261517,0.705,0.6933,
5228335,1171.947651,0.8084,0.5956,
5228335,1324.171137,0.6425,0.1677,
5228335,2928.741907,0.5999,0.03817,
5228336,1386.008207,0.9174,0.7396,
5228336,1516.847169,0.8161,0.6115,
5228336,5057.069725,0.7926,0.1552,
5228337,978.066014,0.6992,0.153,
5228337,2608.648026,0.8588,0.4698,
5228337,3401.260966,0.81,0.76,
5228337,3906.840724,0.7501,0.5349,
5228337,4108.969632,0.736,0.1276,
5228338,1606.16022,0.5744,0.1468,
5228338,2727.398082,0.5022,0.3456,
5228339,1090.49166,0.4295,0.1129,
5228339,5669.583422,0.2144,0.1491,
5228340,212.92565,0.2382,0.2651,
5228340,2274.755321,0.7841,0.2952,
5228340,5738.448253,0.1272,0.1552,
5228341,431.206556,0.08561,0.07234,
5228341,3575.493501,0.3469,0.08823,
5228341,3891.270437,0.7561,0.666,
5228341,5553.801729,0.7659,0.6312,
5228342,1632.701481,0.4465,0.5683,
5228343,1689.884934,0.9018,0.7107,
5228343,1846.539593,0.4743,0.2987,
5228343,2193.943412,0.81,0.76,
5228343,3595.334223,0.7298,0.5428,
5228343,3867.176906,0.04448,0.008441,
5228344,5467.551001,0.8049,0.6643,
5228345,961.502333,0.4912,0.1377,
5228345,1289.101059,0.8176,0.5788,
5228348,2048.674458,0.8769,0.5996,
5228349,1846.032047,0.1128,0.2807,
5228349,2170.637464,0.06983,0.03128,
5228349,2528.366699,0.6108,0.2418,
5228349,2668.131113,0.8255,0.7629,
5228350,1089.864854,0.1564,0.1271,
5228350,1423.529643,0.7734,0.1615,
5228350,3247.46624,0.9143,0.46,
5228350,4931.143969,0.6327,0.2915,
5228352,3101.220277,0.7402,0.1823,
5228352,4776.709703,0.2025,0.2224,
5228352,5046.998914,0.09619,0.1033,
5228353,664.500172,0.4946,0.3278,
5228353,4172.811405,0.3381,0.2278,
5228353,5607.424449,0.9232,0.5942,
5228354,2512.098789,0.6897,0.142,
5228354,3831.780856,0.6878,0.1737,
5228354,5077.472777,0.445,0.09858,
5228355,455.215062,0.2175,0.153,
5228355,740.97522,0.09175,0.02359,
5228355,4098.223072,0.6839,0.2004,
5228355,4630.002455,0.3971,0.06635,
5228355,5344.313452,0.5497,0.04125,
5228356,134.432276,0.3677,0.0361,
5228356,1698.416796,0.5262,0.0982,
5228356,4481.471827,0.8571,0.5436,
5228356,5089.25226,0.6701,0.2325,
5228357,2104.394131,0.7292,0.2606,
5228357,3018.459141,0.1401,0.1197,
5228357,3123.473732,0.9006,0.6539,
5228357,3340.022151,0.5137,0.07271,
5228358,1871.596218,0.6753,0.5688,
5228358,3781.354509,0.7201,0.3142,
5228360,656.408036,0.4721,0.1998,
5228360,1845.107098,0.8841,0.4787,
5228360,3083.760062,0.4972,0.04981,
5228360,4419.090893,0.3711,0.2575,
5228361,1383.110023,0.3557,0.1366,
5228361,2520.204916,0.4509,0.401,
5228361,3696.562578,0.81,0.76,
5228362,3403.729158,0.9033,0.6927,
5228363,1700.522607,0.4953,0.5039,
5228364,630.627717,0.81,0.76,
5228364,1568.547302,0.5236,0.1188,
5228364,2985.964115,0.4621,0.2222,
5228364,3592.668004,0.4425,0.1472,
5228364,3812.684093,0.81,0.76,
5228365,3080.20238,0.81,0.76,
5228365,4030.585423,0.1766,0.1578,
5228366,625.599156,0.6997,0.4083,
5228366,3896.071576,0.1179,0.04289,
5228366,5254.73069,0.81,0.76,
5228367,270.647378,0.3491,0.3049,
5228367,719.288724,0.768,0.2756,
5228367,3004.260203,0.2737,0.2141,
5228367,4430.814905,0.81,0.76,
5228368,2629.244286,0.5578,0.1716,
5228368,3912.420526,0.5567,0.1275,
5228369,988.874672,0.3619,0.3467,
5228369,1271.58124,0.5038,0.113,
5228369,1879.848057,0.7062,0.6456,
5228369,3844.435585,0.04092,0.01541,
5228370,193.019365,0.6381,0.2958,
5228370,2298.754628,0.2919,0.04517,
5228370,3046.874682,0.797,0.3144,
5228370,4517.168744,0.7137,0.189,
5228371,4897.025858,0.6432,0.1322,
5228372,5003.565931,0.8427,0.6427,
5228373,4699.344765,0.2474,0.138,
5228374,2855.687535,0.4926,0.3708,
5228374,5214.86381,0.4847,0.1374,
5228375,531.253873,0.6454,0.0272,
5228375,5042.946498,0.6231,0.1463,
5228376,770.19081,0.09185,0.01262,
5228376,1431.739822,0.6181,0.1704,
5228376,1800.785714,0.7007,0.3238,
5228376,4070.796416,0.5308,0.2347,
5228376,5282.16772,0.5523,0.097,
5228377,344.241973,0.2774,0.06162,
5228377,501.644409,0.8424,0.08036,
5228377,2068.774947,0.5867,0.1924,
5228377,2405.828239,0.242,0.1243,
5228377,3372.017095,0.4082,0.08033,
5228378,446.522678,0.4917,0.1521,
5228378,1213.975679,0.5434,0.223,
5228379,1117.46191,0.7962,0.594,
5228379,3793.268923,0.5411,0.09346,
5228379,4823.486127,0.4036,0.3189,
5228379,5246.572787,0.9276,0.7033,
5228380,490.801475,0.643,0.1478,
5228380,1423.17844,0.2449,0.2748,
5228380,4433.855615,0.4733,0.1542,
5228380,5216.95392,0.5549,0.1588,
5228381,643.715106,0.81,0.76,
5228381,2831.171073,0.81,0.76,
5228381,2940.261852,0.7516,0.4527,
5228381,4253.798274,0.3291,0.209,
5228381,4933.045093,0.7019,0.2381,
5228382,2340.905574,0.7575,0.4169,
5228383,129.791112,0.2341,0.2227,
5228383,226.687598,0.8016,0.4541,
5228383,1778.367332,0.8787,0.7059,
5228383,5027.920624,0.8578,0.4671,
5228384,3190.135442,0.6347,0.01901,
5228384,5527.565445,0.348,0.07891,
5228385,391.555267,0.9358,0.542,
5228385,857.834937,0.1876,0.07565,
5228385,2951.097001,0.2702,0.04731,
5228385,3276.337356,0.6636,0.2503,
5228385,3451.1668,0.714,0.2264,
5228386,1126.609089,0.8304,0.4183,
5228386,3003.717449,0.1725,0.1289,
5228386,3265.190915,0.6286,0.5069,
5228386,4025.951519,0.81,0.76,
5228387,383.029001,0.5777,0.05611,
5228387,3534.357008,0.6181,0.2681,
5228387,5782.128555,0.81,0.76,
5228388,1890.143953,0.8115,0.3638,
5228388,4765.206662,0.1419,0.2304,
5228389,2491.501909,0.04735,0.07853,
5228389,3008.421325,0.8114,0.4089,
5228389,5253.269628,0.7094,0.04653,
5228389,5419.533294,0.6034,0.07504,
5228389,5522.551914,0.2797,0.2809,
5228390,2967.77099,0.7688,0.3229,
5228390,4657.7338,0.9768,0.972,
5228391,1177.703744,0.81,0.76,
5228391,1453.984659,0.5191,0.1136,
5228391,3246.364288,0.5297,0.1505,
5228391,3495.982426,0.8485,0.4714,
5228391,4112.152397,0.6133,0.3139,
5228392,2635.932082,0.8193,0.4874,
5228392,3492.574423,0.8403,0.5575,
5228394,1289.691557,0.6785,0.1488,
5228394,1647.551162,0.7586,0.3647,
5228394,4604.282308,0.7687,0.6095,
5228395,161.367932,0.05967,0.099,
5228395,963.023287,0.3785,0.061,
5228396,2227.101917,0.207,0.078,
5228396,4898.807585,0.02014,0.02899,
5335750,2191.260361,0.8443,0.1955,
5335751,119.001535,0.1157,0.2724,
5335751,689.555839,0.1803,0.1825,
5335751,1511.127709,0.6451,0.2186,
5335751,3404.409488,0.8795,0.6347,
5335754,4393.67711,0.7139,0.2707,
5335754,5827.835819,0.8495,0.5456,
5335755,572.256376,0.2025,0.1038,
5335755,3045.71285,0.3782,0.2429,
5335755,3317.91424,0.4047,0.1327,
5335755,3430.438297,0.5712,0.2943,
5335757,825.497498,0.81,0.76,
5335757,2626.563885,0.1166,0.03976,
5335757,5065.343786,0.6807,0.1793,
5335758,1129.272513,0.8664,0.1232,
5335758,3094.540608,0.81,0.76,
5335758,3958.623782,0.5537,0.1848,
5335758,4098.638468,0.7227,0.2554,
5335759,100.547626,0.6719,0.6087,
5335759,3184.822691,0.3414,0.1723,
5335760,2296.470974,0.278,0.1086,
5335761,4272.860131,0.5073,0.3877,
5335762,3067.568511,0.2037,0.04914,
5335763,5671.56926,0.5595,0.3758,
5335764,1822.6409,0.7178,0.2032,
5335764,3568.447494,0.882,0.4924,
5335764,4781.086575,0.6509,0.1728,
5335764,5029.543233,0.0537,0.04162,
5335764,5227.470366,0.03693,0.02884,
5335764,5641.900254,0.6376,0.2444,
5335765,2662.497445,0.81,0.76,
5335765,3388.529322,0.4109,0.1113,
5335765,3831.801634,0.7345,0.3245,
5335765,4217.868053,0.3473,0.217,
5335766,2650.38279,0.3694,0.1678,
5335766,4882.390104,0.6769,0.1394,
5335766,5161.947655,0.7505,0.7007,
5335766,5704.680577,0.7374,0.1333,
5335767,5064.33549,0.5448,0.1522,
5335768,2117.345587,0.5976,0.3842,
5335768,5564.784853,0.6904,0.2427,
5335768,5872.285446,0.8826,0.8524,
5335769,2035.660113,0.3474,0.03894,
5335769,3264.767266,0.7463,0.2882,
5335769,3886.089196,0.7934,0.5146,
5335769,4330.528721,0.7143,0.2217,
5335770,1205.343675,0.8154,0.1424,
5335770,2029.527989,0.3862,0.05324,
5335770,3249.625977,0.4439,0.1355,
5335770,4251.218257,0.9211,0.7197,
5335770,4481.037643,0.8976,0.7751,
5335771,1680.288723,0.7883,0.3627,
5335771,4397.646458,0.6279,0.2401,
5335772,904.938344,0.7232,0.3656,
5335772,2397.073351,0.743,0.3892,
5335772,5655.497713,0.7077,0.2437,
